,Date,Max.TemperatureC,Min.TemperatureC,Max.Gust.SpeedKPH,Events,Season
1,1996-06-30,,,,,Summer
2,1996-07-01,19,11,28,Rain,Summer
3,1996-07-02,20,10,,,Summer
4,1996-07-03,19,12,,Rain,Summer
5,1996-07-04,19,12,25,Rain,Summer
6,1996-07-05,,11,,Rain,Summer
7,1996-07-06,19,11,,Rain,Summer
8,1996-07-07,19,11,,Rain,Summer
9,1996-07-08,20,11,,,Summer
10,1996-07-09,21,12,,Rain,Summer
11,1996-07-10,26,13,,,Summer
12,1996-07-11,24,15,,,Summer
13,1996-07-12,23,15,,Rain,Summer
14,1996-07-13,25,16,21,,Summer
15,1996-07-14,25,17,,,Summer
16,1996-07-15,25,13,,,Summer
17,1996-07-16,22,11,,,Summer
18,1996-07-17,25,10,,,Summer
19,1996-07-18,27,11,,,Summer
20,1996-07-19,26,13,,,Summer
21,1996-07-20,29,13,,,Summer
22,1996-07-21,30,15,,,Summer
23,1996-07-22,31,17,25,,Summer
24,1996-07-23,28,18,,Rain-Thunderstorm,Summer
25,1996-07-24,22,14,,Rain,Summer
26,1996-07-25,25,12,,,Summer
27,1996-07-26,28,15,,,Summer
28,1996-07-27,23,16,,Rain,Summer
29,1996-07-28,23,16,,Rain,Summer
30,1996-07-29,25,17,,Rain,Summer
31,1996-07-30,24,16,,Rain,Summer
32,1996-07-31,26,16,,Rain,Summer
33,1996-08-01,23,13,,Rain,Summer
34,1996-08-02,21,11,,,Summer
35,1996-08-03,24,13,,,Summer
36,1996-08-04,25,13,,,Summer
37,1996-08-05,27,15,29,,Summer
38,1996-08-06,21,15,30,Rain,Summer
39,1996-08-07,22,14,,,Summer
40,1996-08-08,23,12,,,Summer
41,1996-08-09,21,15,24,Rain,Summer
42,1996-08-10,23,16,25,Rain,Summer
43,1996-08-11,22,15,,Rain-Thunderstorm,Summer
44,1996-08-12,20,14,,Rain,Summer
45,1996-08-13,32,14,,,Summer
46,1996-08-14,21,16,,,Summer
47,1996-08-15,21,15,,,Summer
48,1996-08-16,27,15,,,Summer
49,1996-08-17,28,14,,Fog,Summer
50,1996-08-18,30,16,,,Summer
51,1996-08-19,31,17,,,Summer
52,1996-08-20,24,17,,Rain,Summer
53,1996-08-21,25,13,23,,Summer
54,1996-08-22,23,13,,Rain,Summer
55,1996-08-23,22,15,,Rain,Summer
56,1996-08-24,21,14,25,Rain,Summer
57,1996-08-25,20,14,21,Rain,Summer
58,1996-08-26,21,12,,Rain,Summer
59,1996-08-27,21,11,,Fog-Thunderstorm,Summer
60,1996-08-28,21,11,,Fog,Summer
61,1996-08-29,18,13,28,Rain,Summer
62,1996-08-30,18,12,,,Summer
63,1996-08-31,19,9,,,Summer
64,1996-09-01,21,10,,,Summer
65,1996-09-02,22,15,,Rain,Summer
66,1996-09-03,21,15,,Rain,Summer
67,1996-09-04,19,15,,Rain,Summer
68,1996-09-05,23,14,,,Summer
69,1996-09-06,21,11,,,Summer
70,1996-09-07,21,12,,,Summer
71,1996-09-08,20,13,,Rain,Summer
72,1996-09-09,19,13,,Rain,Summer
73,1996-09-10,17,12,,Rain,Summer
74,1996-09-11,20,9,,Rain,Summer
75,1996-09-12,18,14,,Rain,Summer
76,1996-09-13,18,8,,,Summer
77,1996-09-14,19,7,,,Summer
78,1996-09-15,22,8,,Fog,Summer
79,1996-09-16,22,10,,,Summer
80,1996-09-17,19,11,30,,Summer
81,1996-09-18,16,10,33,Rain,Summer
82,1996-09-19,14,10,23,Rain,Summer
83,1996-09-20,15,12,,,Summer
84,1996-09-21,17,13,,,Summer
85,1996-09-22,15,10,,,Autumn
86,1996-09-23,16,10,,Rain,Autumn
87,1996-09-24,18,5,,Fog,Autumn
88,1996-09-25,19,13,,Rain,Autumn
89,1996-09-26,17,11,,Rain,Autumn
90,1996-09-27,20,12,23,Rain,Autumn
91,1996-09-28,20,11,24,Rain,Autumn
92,1996-09-29,19,14,38,Rain,Autumn
93,1996-09-30,15,11,,Rain,Autumn
94,1996-10-01,17,9,,Fog-Rain,Autumn
95,1996-10-02,18,6,,Fog,Autumn
96,1996-10-03,16,11,31,Rain,Autumn
97,1996-10-04,15,8,,Rain,Autumn
98,1996-10-05,15,7,,,Autumn
99,1996-10-06,13,6,,Rain,Autumn
100,1996-10-07,16,11,,,Autumn
101,1996-10-08,18,13,,,Autumn
102,1996-10-09,16,10,,Rain,Autumn
103,1996-10-10,15,9,,,Autumn
104,1996-10-11,16,6,,,Autumn
105,1996-10-12,17,10,,Fog,Autumn
106,1996-10-13,19,12,31,,Autumn
107,1996-10-14,20,11,,Rain,Autumn
108,1996-10-15,16,9,26,Rain,Autumn
109,1996-10-16,15,9,,Rain,Autumn
110,1996-10-17,15,7,,,Autumn
111,1996-10-18,16,7,30,Rain,Autumn
112,1996-10-19,16,8,25,Rain,Autumn
113,1996-10-20,17,14,,Rain,Autumn
114,1996-10-21,17,11,,Rain,Autumn
115,1996-10-22,18,11,,Rain,Autumn
116,1996-10-23,20,9,,Fog,Autumn
117,1996-10-24,19,10,,Rain,Autumn
118,1996-10-25,17,13,,Rain,Autumn
119,1996-10-26,15,9,25,,Autumn
120,1996-10-27,17,12,39,Rain,Autumn
121,1996-10-28,16,12,58,Rain,Autumn
122,1996-10-29,13,10,41,Rain,Autumn
123,1996-10-30,12,3,,Rain,Autumn
124,1996-10-31,15,9,33,Rain,Autumn
125,1996-11-01,16,8,,,Autumn
126,1996-11-02,18,14,31,Rain,Autumn
127,1996-11-03,17,15,32,Rain,Autumn
128,1996-11-04,15,11,33,Rain,Autumn
129,1996-11-05,13,10,36,Rain,Autumn
130,1996-11-06,15,12,43,Rain,Autumn
131,1996-11-07,12,9,31,Rain,Autumn
132,1996-11-08,11,2,,,Autumn
133,1996-11-09,12,6,20,,Autumn
134,1996-11-10,7,3,,Rain,Autumn
135,1996-11-11,8,-1,,Fog,Autumn
136,1996-11-12,9,6,34,Rain,Autumn
137,1996-11-13,9,2,,Rain,Autumn
138,1996-11-14,9,-1,,,Autumn
139,1996-11-15,10,3,,,Autumn
140,1996-11-16,8,-1,,Fog,Autumn
141,1996-11-17,9,4,,Rain,Autumn
142,1996-11-18,7,1,,Rain,Autumn
143,1996-11-19,7,-2,37,Rain-Snow,Autumn
144,1996-11-20,7,1,30,Rain,Autumn
145,1996-11-21,7,0,,,Autumn
146,1996-11-22,7,-3,,Rain,Autumn
147,1996-11-23,7,1,,Rain,Autumn
148,1996-11-24,9,0,,Rain,Autumn
149,1996-11-25,10,7,28,Rain,Autumn
150,1996-11-26,8,4,26,,Autumn
151,1996-11-27,6,1,,Rain,Autumn
152,1996-11-28,7,-2,,Fog,Autumn
153,1996-11-29,11,4,23,Rain,Autumn
154,1996-11-30,11,5,33,Rain,Autumn
155,1996-12-01,12,3,,Fog-Rain,Autumn
156,1996-12-02,10,5,31,,Autumn
157,1996-12-03,13,5,34,Rain,Autumn
158,1996-12-04,10,3,29,,Autumn
159,1996-12-05,8,1,,,Autumn
160,1996-12-06,4,2,,,Autumn
161,1996-12-07,7,2,,,Autumn
162,1996-12-08,6,4,,,Autumn
163,1996-12-09,5,3,,,Autumn
164,1996-12-10,5,3,,,Autumn
165,1996-12-11,5,3,,,Autumn
166,1996-12-12,5,2,,,Autumn
167,1996-12-13,5,1,,Rain,Autumn
168,1996-12-14,5,-3,,,Autumn
169,1996-12-15,9,6,,Rain,Autumn
170,1996-12-16,7,6,,Rain,Autumn
171,1996-12-17,7,5,,,Autumn
172,1996-12-18,,7,,Fog-Rain,Autumn
173,1996-12-19,9,7,,Rain,Autumn
174,1996-12-20,8,4,28,Rain,Winter
175,1996-12-21,4,3,31,Rain,Winter
176,1996-12-22,6,3,29,,Winter
177,1996-12-23,5,0,33,,Winter
178,1996-12-24,3,-1,34,,Winter
179,1996-12-25,5,0,,Rain-Snow,Winter
180,1996-12-26,2,-3,,,Winter
181,1996-12-27,4,-2,,Rain-Snow,Winter
182,1996-12-28,3,-2,,,Winter
183,1996-12-29,3,-3,,Rain-Snow,Winter
184,1996-12-30,4,0,26,Rain-Snow,Winter
185,1996-12-31,0,-4,33,Snow,Winter
187,1997-01-01,-2,-4,30,Snow,Winter
188,1997-01-02,1,-5,,,Winter
189,1997-01-03,-1,-3,,Snow,Winter
190,1997-01-04,1,-1,26,Snow,Winter
191,1997-01-05,3,0,,Snow,Winter
192,1997-01-06,,1,,Snow,Winter
193,1997-01-07,1,-1,,Snow,Winter
194,1997-01-08,0,-3,,Snow,Winter
195,1997-01-09,1,-2,,Rain-Snow,Winter
196,1997-01-10,1,0,,Snow,Winter
197,1997-01-11,4,0,,Fog-Rain,Winter
198,1997-01-12,8,6,,Fog,Winter
199,1997-01-13,11,4,,,Winter
200,1997-01-14,7,0,,Fog,Winter
201,1997-01-15,2,-3,,Fog,Winter
202,1997-01-16,9,-2,,Fog,Winter
203,1997-01-17,8,3,,Rain,Winter
204,1997-01-18,9,4,,Rain,Winter
205,1997-01-19,6,4,,Fog-Rain,Winter
206,1997-01-20,7,3,,Rain,Winter
207,1997-01-21,6,2,,,Winter
208,1997-01-22,8,3,,Fog-Rain,Winter
209,1997-01-23,9,6,,,Winter
210,1997-01-24,11,2,,Fog,Winter
211,1997-01-25,11,1,,Fog,Winter
212,1997-01-26,8,1,,Fog,Winter
213,1997-01-27,8,1,,Fog-Rain,Winter
214,1997-01-28,8,3,,,Winter
215,1997-01-29,6,4,,Rain,Winter
216,1997-01-30,5,4,,,Winter
217,1997-01-31,5,4,,,Winter
218,1997-02-01,7,4,,,Winter
219,1997-02-02,8,3,,Rain,Winter
220,1997-02-03,9,-2,,Fog,Winter
221,1997-02-04,10,7,34,Rain,Winter
222,1997-02-05,10,3,,Rain,Winter
223,1997-02-06,10,6,,Rain,Winter
224,1997-02-07,11,6,,Rain,Winter
225,1997-02-08,10,-2,,Fog,Winter
226,1997-02-09,12,5,,Rain,Winter
227,1997-02-10,11,5,41,Rain,Winter
228,1997-02-11,12,5,31,Rain,Winter
229,1997-02-12,12,10,37,Rain,Winter
230,1997-02-13,9,5,50,Rain,Winter
231,1997-02-14,7,2,,,Winter
232,1997-02-15,10,1,,,Winter
233,1997-02-16,8,4,30,Rain,Winter
234,1997-02-17,10,7,36,Rain,Winter
235,1997-02-18,11,3,41,Rain,Winter
236,1997-02-19,10,3,52,Rain,Winter
237,1997-02-20,12,6,36,Rain,Winter
238,1997-02-21,14,10,37,Rain,Winter
239,1997-02-22,11,8,,Rain,Winter
240,1997-02-23,14,9,48,Rain,Winter
241,1997-02-24,11,5,55,Rain,Winter
242,1997-02-25,14,9,41,Rain,Winter
243,1997-02-26,12,5,51,Rain,Winter
244,1997-02-27,11,3,,,Winter
245,1997-02-28,13,8,,,Winter
246,1997-03-01,12,5,34,,Winter
247,1997-03-02,13,9,43,Rain,Winter
248,1997-03-03,10,4,,Rain,Winter
249,1997-03-04,11,5,,Rain,Winter
250,1997-03-05,12,8,,Rain,Winter
251,1997-03-06,12,5,,,Winter
252,1997-03-07,12,7,,,Winter
253,1997-03-08,12,9,,Rain,Winter
254,1997-03-09,13,7,,Rain,Winter
255,1997-03-10,15,5,,Fog,Winter
256,1997-03-11,17,4,,Fog,Winter
257,1997-03-12,15,4,,Fog,Winter
258,1997-03-13,13,8,,,Winter
259,1997-03-14,14,10,,Rain,Winter
260,1997-03-15,17,9,,,Winter
261,1997-03-16,16,9,,,Winter
262,1997-03-17,17,6,,Fog,Winter
263,1997-03-18,14,8,29,Rain,Winter
264,1997-03-19,13,8,34,Rain,Winter
265,1997-03-20,14,2,,Rain,Spring
266,1997-03-21,12,5,,,Spring
267,1997-03-22,13,3,,Fog,Spring
268,1997-03-23,,7,,Rain,Spring
269,1997-03-24,11,4,,Rain,Spring
270,1997-03-25,13,4,,Rain,Spring
271,1997-03-26,14,9,30,Rain,Spring
272,1997-03-27,17,5,33,Fog-Rain,Spring
273,1997-03-28,12,5,38,,Spring
274,1997-03-29,13,2,,,Spring
275,1997-03-30,15,3,,,Spring
276,1997-03-31,16,3,,Fog,Spring
277,1997-04-01,17,4,,Fog,Spring
278,1997-04-02,17,5,,,Spring
279,1997-04-03,14,7,29,,Spring
280,1997-04-04,13,4,,Rain,Spring
281,1997-04-05,17,10,39,,Spring
282,1997-04-06,14,7,,,Spring
283,1997-04-07,15,3,,,Spring
284,1997-04-08,17,3,,,Spring
285,1997-04-09,20,5,,,Spring
286,1997-04-10,21,5,,,Spring
287,1997-04-11,15,4,,,Spring
288,1997-04-12,13,2,,,Spring
289,1997-04-13,17,6,,,Spring
290,1997-04-14,15,7,,,Spring
291,1997-04-15,13,7,21,,Spring
292,1997-04-16,15,3,,,Spring
293,1997-04-17,14,6,,,Spring
294,1997-04-18,12,3,,Fog,Spring
295,1997-04-19,10,6,28,,Spring
296,1997-04-20,9,1,,,Spring
297,1997-04-21,14,-1,,,Spring
298,1997-04-22,12,5,,,Spring
299,1997-04-23,15,6,,Rain,Spring
300,1997-04-24,16,6,,,Spring
301,1997-04-25,11,7,,Rain,Spring
302,1997-04-26,13,8,,Fog-Rain,Spring
303,1997-04-27,19,10,,,Spring
304,1997-04-28,18,12,50,Rain,Spring
305,1997-04-29,17,12,30,,Spring
306,1997-04-30,20,7,22,,Spring
307,1997-05-01,23,8,,Fog,Spring
308,1997-05-02,25,10,,,Spring
309,1997-05-03,25,11,24,Rain,Spring
310,1997-05-04,19,13,34,Rain,Spring
311,1997-05-05,19,12,33,Rain,Spring
312,1997-05-06,9,4,25,Rain,Spring
313,1997-05-07,12,1,28,Rain,Spring
314,1997-05-08,12,6,,Rain,Spring
315,1997-05-09,14,6,,Rain-Thunderstorm,Spring
316,1997-05-10,15,8,34,Rain,Spring
317,1997-05-11,16,8,43,Rain,Spring
318,1997-05-12,15,8,29,Rain,Spring
319,1997-05-13,18,7,,Rain,Spring
320,1997-05-14,19,7,,Fog,Spring
321,1997-05-15,18,8,,Rain,Spring
322,1997-05-16,22,11,,Rain-Thunderstorm,Spring
323,1997-05-17,26,13,,Fog,Spring
324,1997-05-18,20,13,,Rain,Spring
325,1997-05-19,19,11,,Rain,Spring
326,1997-05-20,15,9,,Fog-Rain,Spring
327,1997-05-21,14,11,,Rain,Spring
328,1997-05-22,14,8,,Rain,Spring
329,1997-05-23,16,8,,Rain,Spring
330,1997-05-24,16,6,,,Spring
331,1997-05-25,19,5,,,Spring
332,1997-05-26,23,7,,,Spring
333,1997-05-27,19,11,,,Spring
334,1997-05-28,18,7,,,Spring
335,1997-05-29,23,8,,,Spring
336,1997-05-30,24,10,,,Spring
337,1997-05-31,23,10,32,,Spring
338,1997-06-01,20,11,45,,Spring
339,1997-06-02,22,13,41,Rain,Spring
340,1997-06-03,22,10,,,Spring
341,1997-06-04,22,10,,,Spring
342,1997-06-05,27,13,44,Rain,Spring
343,1997-06-06,26,14,39,Rain,Spring
344,1997-06-07,23,16,28,Rain,Spring
345,1997-06-08,21,14,23,Rain,Spring
346,1997-06-09,22,10,,Fog,Spring
347,1997-06-10,26,14,,Rain,Spring
348,1997-06-11,24,17,,Rain-Thunderstorm,Spring
349,1997-06-12,20,15,26,Rain,Spring
350,1997-06-13,22,15,,,Spring
351,1997-06-14,18,13,,Rain,Spring
352,1997-06-15,18,11,,Rain,Spring
353,1997-06-16,20,11,,Rain,Spring
354,1997-06-17,20,12,,Rain,Spring
355,1997-06-18,21,12,,,Spring
356,1997-06-19,16,12,,Rain,Spring
357,1997-06-20,16,8,30,Rain,Spring
358,1997-06-21,18,12,34,Rain,Summer
359,1997-06-22,17,12,30,Rain-Thunderstorm,Summer
360,1997-06-23,20,12,,Rain,Summer
361,1997-06-24,18,10,,,Summer
362,1997-06-25,16,12,30,Rain,Summer
363,1997-06-26,16,13,,Rain,Summer
364,1997-06-27,13,12,33,Rain,Summer
365,1997-06-28,16,11,,Rain,Summer
366,1997-06-29,18,13,,,Summer
367,1997-06-30,16,12,,,Summer
368,1997-07-01,18,12,,Rain,Summer
369,1997-07-02,18,11,,Rain,Summer
370,1997-07-03,17,10,28,Rain,Summer
371,1997-07-04,18,12,,Rain,Summer
372,1997-07-05,22,11,,,Summer
373,1997-07-06,25,12,,,Summer
374,1997-07-07,27,15,,,Summer
375,1997-07-08,27,15,,Rain,Summer
376,1997-07-09,26,16,,,Summer
377,1997-07-10,23,15,,,Summer
378,1997-07-11,24,13,,,Summer
379,1997-07-12,24,13,,Fog,Summer
380,1997-07-13,23,16,,Rain,Summer
381,1997-07-14,24,15,,,Summer
382,1997-07-15,25,15,,Rain,Summer
383,1997-07-16,22,15,,Rain,Summer
384,1997-07-17,20,15,,Rain,Summer
385,1997-07-18,21,12,29,Rain,Summer
386,1997-07-19,24,14,,,Summer
387,1997-07-20,25,13,,,Summer
388,1997-07-21,25,14,,,Summer
389,1997-07-22,26,15,,,Summer
390,1997-07-23,27,16,,,Summer
391,1997-07-24,23,18,,Rain,Summer
392,1997-07-25,23,14,,,Summer
393,1997-07-26,21,13,,Rain,Summer
394,1997-07-27,25,16,,Rain,Summer
395,1997-07-28,25,13,,,Summer
396,1997-07-29,27,15,,,Summer
397,1997-07-30,24,16,30,Rain,Summer
398,1997-07-31,17,14,,Rain,Summer
399,1997-08-01,24,15,23,Rain,Summer
400,1997-08-02,23,15,,Rain,Summer
401,1997-08-03,21,15,,Rain,Summer
402,1997-08-04,22,15,28,Rain,Summer
403,1997-08-05,23,16,29,Rain,Summer
404,1997-08-06,26,16,25,Rain-Thunderstorm,Summer
405,1997-08-07,27,18,,Rain,Summer
406,1997-08-08,31,18,,,Summer
407,1997-08-09,28,19,,,Summer
408,1997-08-10,31,18,,,Summer
409,1997-08-11,30,21,,Rain,Summer
410,1997-08-12,28,18,,Rain,Summer
411,1997-08-13,27,20,,Rain-Thunderstorm,Summer
412,1997-08-14,26,15,,,Summer
413,1997-08-15,28,15,,,Summer
414,1997-08-16,29,17,,Fog,Summer
415,1997-08-17,25,19,,Rain,Summer
416,1997-08-18,30,18,,,Summer
417,1997-08-19,30,19,,,Summer
418,1997-08-20,29,18,,,Summer
419,1997-08-21,27,18,,Rain,Summer
420,1997-08-22,25,20,,Rain,Summer
421,1997-08-23,27,20,,,Summer
422,1997-08-24,25,20,,Rain,Summer
423,1997-08-25,22,18,,Rain,Summer
424,1997-08-26,23,12,,Fog,Summer
425,1997-08-27,20,14,,Rain,Summer
426,1997-08-28,20,12,31,Rain-Thunderstorm,Summer
427,1997-08-29,21,14,32,Rain,Summer
428,1997-08-30,21,15,,Rain,Summer
429,1997-08-31,24,14,37,Rain,Summer
430,1997-09-01,21,15,,,Summer
431,1997-09-02,20,12,,,Summer
432,1997-09-03,19,14,,Rain,Summer
433,1997-09-04,22,16,,Rain,Summer
434,1997-09-05,20,12,,Rain,Summer
435,1997-09-06,21,10,,Fog,Summer
436,1997-09-07,22,14,,Rain,Summer
437,1997-09-08,22,9,,,Summer
438,1997-09-09,22,13,,,Summer
439,1997-09-10,21,10,,,Summer
440,1997-09-11,20,12,,Rain,Summer
441,1997-09-12,20,10,30,Rain,Summer
442,1997-09-13,17,7,28,,Summer
443,1997-09-14,,7,,,Summer
444,1997-09-15,20,9,,,Summer
445,1997-09-16,22,12,,,Summer
446,1997-09-17,22,11,,,Summer
447,1997-09-18,25,11,,Fog-Rain,Summer
448,1997-09-19,18,16,,Rain,Summer
449,1997-09-20,19,12,,Rain,Summer
450,1997-09-21,19,9,,,Summer
451,1997-09-22,21,9,,,Summer
452,1997-09-23,21,10,,,Autumn
453,1997-09-24,20,10,,,Autumn
454,1997-09-25,20,14,,,Autumn
455,1997-09-26,22,13,,,Autumn
456,1997-09-27,19,13,,,Autumn
457,1997-09-28,20,10,,Fog,Autumn
458,1997-09-29,23,13,,Fog-Rain,Autumn
459,1997-09-30,22,17,,,Autumn
460,1997-10-01,25,16,25,,Autumn
461,1997-10-02,20,13,,,Autumn
462,1997-10-03,18,12,,,Autumn
463,1997-10-04,20,10,,,Autumn
464,1997-10-05,18,10,,,Autumn
465,1997-10-06,21,11,24,Rain,Autumn
466,1997-10-07,17,12,26,Rain,Autumn
467,1997-10-08,18,12,31,Rain,Autumn
468,1997-10-09,18,16,37,Rain,Autumn
469,1997-10-10,17,11,36,Rain,Autumn
470,1997-10-11,12,9,,Rain,Autumn
471,1997-10-12,12,8,25,Rain,Autumn
472,1997-10-13,12,6,26,Rain,Autumn
473,1997-10-14,10,3,,Rain,Autumn
474,1997-10-15,14,9,,Rain,Autumn
475,1997-10-16,17,10,,Fog-Rain,Autumn
476,1997-10-17,19,14,28,,Autumn
477,1997-10-18,22,12,,Fog,Autumn
478,1997-10-19,23,10,,Fog,Autumn
479,1997-10-20,14,11,32,Rain,Autumn
480,1997-10-21,13,7,36,,Autumn
481,1997-10-22,14,3,,,Autumn
482,1997-10-23,13,5,,,Autumn
483,1997-10-24,12,4,,,Autumn
484,1997-10-25,12,1,,,Autumn
485,1997-10-26,13,0,,Fog,Autumn
486,1997-10-27,13,5,,Fog,Autumn
487,1997-10-28,10,2,,,Autumn
488,1997-10-29,11,-1,,,Autumn
489,1997-10-30,11,-2,,,Autumn
490,1997-10-31,13,-1,,,Autumn
491,1997-11-01,12,-1,,Fog,Autumn
492,1997-11-02,9,0,,Fog,Autumn
493,1997-11-03,12,3,,Fog,Autumn
494,1997-11-04,13,6,,Rain,Autumn
495,1997-11-05,16,12,30,Rain,Autumn
496,1997-11-06,14,9,,Fog-Rain,Autumn
497,1997-11-07,13,8,,Fog-Rain,Autumn
498,1997-11-08,14,9,46,Rain,Autumn
499,1997-11-09,10,7,,Rain,Autumn
500,1997-11-10,11,5,33,Rain,Autumn
501,1997-11-11,12,4,,Fog,Autumn
502,1997-11-12,11,0,,Fog,Autumn
503,1997-11-13,10,0,,Fog-Rain,Autumn
504,1997-11-14,13,1,,Fog-Rain,Autumn
505,1997-11-15,15,12,,Rain,Autumn
506,1997-11-16,16,14,,Rain,Autumn
507,1997-11-17,15,13,,Rain,Autumn
508,1997-11-18,13,11,25,Rain,Autumn
509,1997-11-19,13,10,,Rain,Autumn
510,1997-11-20,12,8,,Rain,Autumn
511,1997-11-21,11,5,,Rain,Autumn
512,1997-11-22,12,3,,Rain-Thunderstorm,Autumn
513,1997-11-23,11,5,,Fog-Rain,Autumn
514,1997-11-24,9,5,,Rain,Autumn
515,1997-11-25,10,5,,Rain,Autumn
516,1997-11-26,12,9,,Rain,Autumn
517,1997-11-27,11,8,,Rain,Autumn
518,1997-11-28,14,9,,Rain,Autumn
519,1997-11-29,12,9,,Rain,Autumn
520,1997-11-30,,4,,Rain,Autumn
521,1997-12-01,6,0,,Fog-Rain,Autumn
522,1997-12-02,4,1,,Rain-Snow,Autumn
523,1997-12-03,5,1,,,Autumn
524,1997-12-04,7,1,,,Autumn
525,1997-12-05,6,-2,,Fog,Autumn
526,1997-12-06,11,4,,,Autumn
527,1997-12-07,11,7,,Rain,Autumn
528,1997-12-08,13,9,,Rain,Autumn
529,1997-12-09,13,8,,Rain,Autumn
530,1997-12-10,15,12,41,Rain,Autumn
531,1997-12-11,14,8,37,Rain,Autumn
532,1997-12-12,9,3,30,Rain,Autumn
533,1997-12-13,8,0,,,Autumn
534,1997-12-14,10,4,,Fog,Autumn
535,1997-12-15,6,4,28,Rain,Autumn
536,1997-12-16,4,-1,38,Snow,Autumn
537,1997-12-17,4,0,33,Rain-Snow,Autumn
538,1997-12-18,10,4,,Fog-Rain,Autumn
539,1997-12-19,9,7,,Fog,Autumn
540,1997-12-20,10,8,,,Autumn
541,1997-12-21,8,4,,Fog,Winter
542,1997-12-22,8,4,,Rain,Winter
543,1997-12-23,13,7,,Rain,Winter
544,1997-12-24,14,10,47,Rain,Winter
545,1997-12-25,13,9,41,Rain,Winter
546,1997-12-26,10,4,38,Rain,Winter
547,1997-12-27,8,3,,Rain,Winter
548,1997-12-28,8,1,,Fog-Rain,Winter
549,1997-12-29,9,3,,Fog-Rain,Winter
550,1997-12-30,12,7,28,Rain,Winter
551,1997-12-31,11,4,28,Rain,Winter
553,1998-01-01,10,3,46,Rain,Winter
554,1998-01-02,10,7,34,Rain,Winter
555,1998-01-03,13,4,56,Rain,Winter
556,1998-01-04,9,5,66,Rain,Winter
557,1998-01-05,7,2,38,Rain-Snow-Thunderstorm,Winter
558,1998-01-06,12,1,23,Rain,Winter
559,1998-01-07,10,5,34,Rain,Winter
560,1998-01-08,13,6,37,Rain,Winter
561,1998-01-09,15,10,,Rain,Winter
562,1998-01-10,13,7,,,Winter
563,1998-01-11,12,5,,Fog,Winter
564,1998-01-12,12,9,,Rain,Winter
565,1998-01-13,12,8,34,Rain,Winter
566,1998-01-14,10,5,37,Rain,Winter
567,1998-01-15,11,7,,Rain,Winter
568,1998-01-16,9,1,30,,Winter
569,1998-01-17,10,3,,Rain,Winter
570,1998-01-18,10,6,46,Rain,Winter
571,1998-01-19,8,1,28,Rain,Winter
572,1998-01-20,5,0,30,,Winter
573,1998-01-21,7,-1,,,Winter
574,1998-01-22,6,-1,,,Winter
575,1998-01-23,5,-1,,,Winter
576,1998-01-24,7,3,21,,Winter
577,1998-01-25,5,2,30,Rain,Winter
578,1998-01-26,5,1,21,,Winter
579,1998-01-27,4,1,,Rain,Winter
580,1998-01-28,5,1,,,Winter
581,1998-01-29,8,2,,,Winter
582,1998-01-30,7,1,,,Winter
583,1998-01-31,6,0,,,Winter
584,1998-02-01,3,-3,,,Winter
585,1998-02-02,7,-3,,,Winter
586,1998-02-03,6,-1,,Fog,Winter
587,1998-02-04,9,-3,,Fog,Winter
588,1998-02-05,11,0,,Fog,Winter
589,1998-02-06,9,7,23,Rain,Winter
590,1998-02-07,9,3,24,Rain,Winter
591,1998-02-08,11,1,,,Winter
592,1998-02-09,11,7,,,Winter
593,1998-02-10,12,7,,,Winter
594,1998-02-11,15,8,,,Winter
595,1998-02-12,15,7,,,Winter
596,1998-02-13,18,8,,,Winter
597,1998-02-14,18,3,,Fog,Winter
598,1998-02-15,16,4,31,Fog,Winter
599,1998-02-16,12,9,28,Rain,Winter
600,1998-02-17,13,4,,Fog,Winter
601,1998-02-18,12,3,,Fog,Winter
602,1998-02-19,13,6,,Rain,Winter
603,1998-02-20,15,7,,,Winter
604,1998-02-21,12,7,24,Rain,Winter
605,1998-02-22,10,3,,,Winter
606,1998-02-23,12,3,,Rain,Winter
607,1998-02-24,12,5,,Fog,Winter
608,1998-02-25,13,4,,,Winter
609,1998-02-26,10,5,,,Winter
610,1998-02-27,10,8,37,Rain,Winter
611,1998-02-28,9,1,32,Rain,Winter
612,1998-03-01,11,1,26,Rain,Winter
613,1998-03-02,11,6,31,Rain,Winter
614,1998-03-03,15,9,46,Rain,Winter
615,1998-03-04,13,6,44,Rain,Winter
616,1998-03-05,11,5,39,Rain,Winter
617,1998-03-06,13,7,31,Rain,Winter
618,1998-03-07,13,8,34,Rain,Winter
619,1998-03-08,10,2,,Rain,Winter
620,1998-03-09,9,0,,,Winter
621,1998-03-10,8,0,36,Rain,Winter
622,1998-03-11,9,5,33,Rain,Winter
623,1998-03-12,8,2,,Rain,Winter
624,1998-03-13,,6,,Rain,Winter
625,1998-03-14,10,3,,Fog,Winter
626,1998-03-15,11,8,,,Winter
627,1998-03-16,11,8,,,Winter
628,1998-03-17,13,8,,,Winter
629,1998-03-18,14,5,,Fog,Winter
630,1998-03-19,13,4,,,Winter
631,1998-03-20,13,3,,,Spring
632,1998-03-21,11,8,,,Spring
633,1998-03-22,12,5,,,Spring
634,1998-03-23,10,4,,Rain,Spring
635,1998-03-24,9,2,,,Spring
636,1998-03-25,8,6,,Rain,Spring
637,1998-03-26,11,8,26,Rain,Spring
638,1998-03-27,14,10,,,Spring
639,1998-03-28,16,9,,Rain,Spring
640,1998-03-29,17,10,,Rain,Spring
641,1998-03-30,15,9,,Rain,Spring
642,1998-03-31,14,5,,,Spring
643,1998-04-01,12,8,,Rain,Spring
644,1998-04-02,14,9,,Rain,Spring
645,1998-04-03,14,7,39,Rain-Thunderstorm,Spring
646,1998-04-04,14,9,39,Rain,Spring
647,1998-04-05,14,8,34,Rain,Spring
648,1998-04-06,13,8,,Rain,Spring
649,1998-04-07,14,6,,Fog-Rain,Spring
650,1998-04-08,12,3,,Fog-Rain-Thunderstorm,Spring
651,1998-04-09,11,6,,Rain-Thunderstorm,Spring
652,1998-04-10,9,4,,Rain-Thunderstorm,Spring
653,1998-04-11,8,3,29,Rain,Spring
654,1998-04-12,9,0,22,,Spring
655,1998-04-13,9,1,31,Rain-Snow,Spring
656,1998-04-14,7,1,,Rain,Spring
657,1998-04-15,5,1,,Rain-Snow,Spring
658,1998-04-16,9,1,,Rain,Spring
659,1998-04-17,8,4,30,Rain,Spring
660,1998-04-18,8,4,,Rain,Spring
661,1998-04-19,12,6,,Rain,Spring
662,1998-04-20,15,7,24,Fog,Spring
663,1998-04-21,14,6,,Rain,Spring
664,1998-04-22,22,10,,Rain-Thunderstorm,Spring
665,1998-04-23,14,10,28,Rain,Spring
666,1998-04-24,17,8,,Rain,Spring
667,1998-04-25,16,8,23,Rain-Thunderstorm,Spring
668,1998-04-26,15,6,29,Rain,Spring
669,1998-04-27,14,5,,Fog-Rain-Thunderstorm,Spring
670,1998-04-28,14,5,,Fog-Rain-Thunderstorm,Spring
671,1998-04-29,16,7,,,Spring
672,1998-04-30,13,9,28,,Spring
673,1998-05-01,10,8,23,Rain,Spring
674,1998-05-02,15,8,28,,Spring
675,1998-05-03,12,6,30,Rain,Spring
676,1998-05-04,16,2,,,Spring
677,1998-05-05,14,8,28,Rain,Spring
678,1998-05-06,17,10,31,Rain,Spring
679,1998-05-07,16,11,33,,Spring
680,1998-05-08,22,9,24,Fog-Rain,Spring
681,1998-05-09,23,14,,,Spring
682,1998-05-10,23,12,,Rain,Spring
683,1998-05-11,23,11,,,Spring
684,1998-05-12,22,11,,,Spring
685,1998-05-13,25,11,,,Spring
686,1998-05-14,24,17,,Rain-Thunderstorm,Spring
687,1998-05-15,26,12,,,Spring
688,1998-05-16,24,11,,,Spring
689,1998-05-17,21,10,,,Spring
690,1998-05-18,23,9,,,Spring
691,1998-05-19,24,11,,,Spring
692,1998-05-20,24,12,,Rain-Thunderstorm,Spring
693,1998-05-21,18,11,,,Spring
694,1998-05-22,18,8,,,Spring
695,1998-05-23,17,11,,,Spring
696,1998-05-24,18,12,,,Spring
697,1998-05-25,19,11,34,Rain,Spring
698,1998-05-26,17,11,,Rain,Spring
699,1998-05-27,12,8,,Rain,Spring
700,1998-05-28,17,9,,Rain,Spring
701,1998-05-29,18,12,,,Spring
702,1998-05-30,22,8,,,Spring
703,1998-05-31,20,12,,Rain,Spring
704,1998-06-01,21,9,,Rain,Spring
705,1998-06-02,19,13,33,Rain,Spring
706,1998-06-03,18,11,33,Rain,Spring
707,1998-06-04,17,11,,,Spring
708,1998-06-05,18,10,,,Spring
709,1998-06-06,23,14,,Rain,Spring
710,1998-06-07,21,11,28,Rain,Spring
711,1998-06-08,17,11,32,Rain,Spring
712,1998-06-09,20,14,39,Rain,Spring
713,1998-06-10,17,12,32,Rain,Spring
714,1998-06-11,12,8,29,Rain,Spring
715,1998-06-12,17,6,,,Spring
716,1998-06-13,15,11,28,Rain,Spring
717,1998-06-14,18,12,,Rain-Thunderstorm,Spring
718,1998-06-15,18,11,,Rain-Thunderstorm,Spring
719,1998-06-16,18,12,,Rain,Spring
720,1998-06-17,18,10,,Rain,Spring
721,1998-06-18,19,12,,Rain,Spring
722,1998-06-19,25,15,,,Spring
723,1998-06-20,28,16,,Rain,Spring
724,1998-06-21,25,15,,Rain,Summer
725,1998-06-22,21,12,26,,Summer
726,1998-06-23,20,14,24,Rain,Summer
727,1998-06-24,23,14,,Rain,Summer
728,1998-06-25,20,13,,Rain,Summer
729,1998-06-26,18,12,30,Rain,Summer
730,1998-06-27,20,13,28,Rain-Thunderstorm,Summer
731,1998-06-28,22,11,,Rain,Summer
732,1998-06-29,19,11,,Rain,Summer
733,1998-06-30,19,14,,Rain,Summer
734,1998-07-01,20,13,,,Summer
735,1998-07-02,17,11,,,Summer
736,1998-07-03,20,10,,,Summer
737,1998-07-04,19,12,,,Summer
738,1998-07-05,23,12,,,Summer
739,1998-07-06,19,14,,Rain,Summer
740,1998-07-07,20,13,,Rain,Summer
741,1998-07-08,23,9,,,Summer
742,1998-07-09,22,14,,Rain,Summer
743,1998-07-10,21,16,24,Rain,Summer
744,1998-07-11,18,15,,Rain,Summer
745,1998-07-12,19,15,34,Rain,Summer
746,1998-07-13,19,12,29,Rain-Thunderstorm,Summer
747,1998-07-14,20,11,30,,Summer
748,1998-07-15,19,12,,,Summer
749,1998-07-16,22,13,,Rain,Summer
750,1998-07-17,22,13,,Rain,Summer
751,1998-07-18,21,13,29,,Summer
752,1998-07-19,23,12,,,Summer
753,1998-07-20,26,15,,Rain-Thunderstorm,Summer
754,1998-07-21,21,15,26,Rain,Summer
755,1998-07-22,22,13,26,Rain,Summer
756,1998-07-23,23,15,,Rain,Summer
757,1998-07-24,22,12,,,Summer
758,1998-07-25,22,12,,,Summer
759,1998-07-26,21,12,,Rain,Summer
760,1998-07-27,23,13,,Rain,Summer
761,1998-07-28,22,14,,Rain,Summer
762,1998-07-29,22,15,,Rain,Summer
763,1998-07-30,22,13,38,Rain,Summer
764,1998-07-31,22,13,,Rain,Summer
765,1998-08-01,21,12,,Rain-Thunderstorm,Summer
766,1998-08-02,21,12,,,Summer
767,1998-08-03,18,12,31,Rain,Summer
768,1998-08-04,23,14,,Rain,Summer
769,1998-08-05,26,12,,,Summer
770,1998-08-06,27,11,,,Summer
771,1998-08-07,29,12,,,Summer
772,1998-08-08,30,14,,,Summer
773,1998-08-09,26,17,,,Summer
774,1998-08-10,30,16,,,Summer
775,1998-08-11,30,16,,Fog,Summer
776,1998-08-12,24,15,,,Summer
777,1998-08-13,22,12,,,Summer
778,1998-08-14,27,15,,,Summer
779,1998-08-15,22,14,,Rain,Summer
780,1998-08-16,24,12,,,Summer
781,1998-08-17,25,15,,Rain,Summer
782,1998-08-18,22,15,,,Summer
783,1998-08-19,25,11,,,Summer
784,1998-08-20,22,13,,Rain,Summer
785,1998-08-21,22,14,30,Rain,Summer
786,1998-08-22,20,12,,,Summer
787,1998-08-23,19,9,31,Rain,Summer
788,1998-08-24,19,12,,Rain,Summer
789,1998-08-25,21,10,,Rain,Summer
790,1998-08-26,18,12,,Rain,Summer
791,1998-08-27,20,9,,,Summer
792,1998-08-28,20,9,,,Summer
793,1998-08-29,22,10,,,Summer
794,1998-08-30,21,13,,,Summer
795,1998-08-31,23,11,,Rain,Summer
796,1998-09-01,26,16,,Rain,Summer
797,1998-09-02,23,14,,Rain,Summer
798,1998-09-03,22,15,,Rain,Summer
799,1998-09-04,20,11,,Fog-Rain,Summer
800,1998-09-05,20,15,,Rain,Summer
801,1998-09-06,21,13,,Rain,Summer
802,1998-09-07,23,16,,Rain,Summer
803,1998-09-08,23,16,,Rain,Summer
804,1998-09-09,21,16,37,Rain,Summer
805,1998-09-10,20,14,33,Rain,Summer
806,1998-09-11,18,11,,Rain,Summer
807,1998-09-12,15,7,,Rain,Summer
808,1998-09-13,16,7,25,Rain,Summer
809,1998-09-14,17,8,,,Summer
810,1998-09-15,18,9,26,Rain,Summer
811,1998-09-16,18,9,31,,Summer
812,1998-09-17,18,8,,,Summer
813,1998-09-18,21,12,,,Summer
814,1998-09-19,23,15,,Rain,Summer
815,1998-09-20,21,14,,Fog,Summer
816,1998-09-21,21,14,,,Summer
817,1998-09-22,18,14,,,Summer
818,1998-09-23,21,12,,,Autumn
819,1998-09-24,22,13,,,Autumn
820,1998-09-25,23,13,,Fog,Autumn
821,1998-09-26,22,15,,Rain,Autumn
822,1998-09-27,19,14,,Rain,Autumn
823,1998-09-28,18,15,,Rain,Autumn
824,1998-09-29,17,13,,Rain,Autumn
825,1998-09-30,18,14,24,Rain,Autumn
826,1998-10-01,18,12,23,Rain,Autumn
827,1998-10-02,14,7,,Rain,Autumn
828,1998-10-03,11,6,,,Autumn
829,1998-10-04,12,9,,Rain,Autumn
830,1998-10-05,12,8,,Rain,Autumn
831,1998-10-06,12,10,,Rain,Autumn
832,1998-10-07,13,10,24,,Autumn
833,1998-10-08,12,10,30,Rain,Autumn
834,1998-10-09,15,10,,Rain,Autumn
835,1998-10-10,15,10,,Fog-Rain,Autumn
836,1998-10-11,18,10,,Rain,Autumn
837,1998-10-12,16,9,28,Rain,Autumn
838,1998-10-13,18,9,,Rain,Autumn
839,1998-10-14,18,9,30,Rain,Autumn
840,1998-10-15,16,8,,,Autumn
841,1998-10-16,17,7,38,Rain,Autumn
842,1998-10-17,15,7,37,Rain,Autumn
843,1998-10-18,12,3,,Fog,Autumn
844,1998-10-19,13,3,,,Autumn
845,1998-10-20,14,4,,Rain,Autumn
846,1998-10-21,19,13,30,Rain,Autumn
847,1998-10-22,18,16,34,Rain,Autumn
848,1998-10-23,17,10,41,Rain,Autumn
849,1998-10-24,15,7,51,Rain,Autumn
850,1998-10-25,13,7,46,,Autumn
851,1998-10-26,12,5,28,Rain,Autumn
852,1998-10-27,16,8,46,Rain,Autumn
853,1998-10-28,16,10,38,Rain,Autumn
854,1998-10-29,13,8,37,Rain,Autumn
855,1998-10-30,11,6,28,Rain,Autumn
856,1998-10-31,9,6,,Rain,Autumn
857,1998-11-01,10,4,,Rain,Autumn
858,1998-11-02,10,5,25,Rain,Autumn
859,1998-11-03,10,7,31,Rain,Autumn
860,1998-11-04,8,1,,Rain,Autumn
861,1998-11-05,11,0,30,Rain,Autumn
862,1998-11-06,12,6,,Rain,Autumn
863,1998-11-07,15,6,,,Autumn
864,1998-11-08,15,10,,Rain,Autumn
865,1998-11-09,17,11,31,Rain,Autumn
866,1998-11-10,12,4,,Rain,Autumn
867,1998-11-11,11,2,,Fog,Autumn
868,1998-11-12,10,7,25,Rain,Autumn
869,1998-11-13,9,6,,Rain,Autumn
870,1998-11-14,9,3,28,Rain,Autumn
871,1998-11-15,8,3,,Rain,Autumn
872,1998-11-16,7,1,,,Autumn
873,1998-11-17,7,0,,Fog,Autumn
874,1998-11-18,7,1,,Fog,Autumn
875,1998-11-19,7,3,,Rain,Autumn
876,1998-11-20,6,0,,,Autumn
877,1998-11-21,7,0,,,Autumn
878,1998-11-22,6,0,,,Autumn
879,1998-11-23,6,1,,,Autumn
880,1998-11-24,9,2,,Rain,Autumn
881,1998-11-25,8,3,,Fog-Rain,Autumn
882,1998-11-26,11,2,,Fog-Rain,Autumn
883,1998-11-27,,5,,Rain,Autumn
884,1998-11-28,12,4,,Rain,Autumn
885,1998-11-29,8,1,,,Autumn
886,1998-11-30,7,3,,Rain,Autumn
887,1998-12-01,5,4,,,Autumn
888,1998-12-02,5,2,,,Autumn
889,1998-12-03,3,0,,,Autumn
890,1998-12-04,6,-1,,Rain,Autumn
891,1998-12-05,6,-3,,Rain,Autumn
892,1998-12-06,4,-4,,,Autumn
893,1998-12-07,6,-1,,Rain-Snow,Autumn
894,1998-12-08,10,2,,Rain,Autumn
895,1998-12-09,12,9,,Rain,Autumn
896,1998-12-10,10,6,25,Rain,Autumn
897,1998-12-11,10,5,,Fog-Rain,Autumn
898,1998-12-12,14,10,41,Rain,Autumn
899,1998-12-13,12,8,37,,Autumn
900,1998-12-14,15,12,31,Rain,Autumn
901,1998-12-15,13,7,,Rain,Autumn
902,1998-12-16,12,5,,Fog,Autumn
903,1998-12-17,10,7,,Rain,Autumn
904,1998-12-18,11,6,24,Rain,Autumn
905,1998-12-19,8,4,28,,Autumn
906,1998-12-20,5,-1,,,Autumn
907,1998-12-21,5,-3,,Rain,Winter
908,1998-12-22,8,4,,Fog-Rain,Winter
909,1998-12-23,10,3,,Rain,Winter
910,1998-12-24,11,-1,,Rain,Winter
911,1998-12-25,12,7,36,Rain,Winter
912,1998-12-26,13,6,44,Rain,Winter
913,1998-12-27,10,7,34,Rain,Winter
914,1998-12-28,8,3,,Rain,Winter
915,1998-12-29,10,2,28,,Winter
916,1998-12-30,12,9,31,Rain,Winter
917,1998-12-31,10,8,,Rain,Winter
919,1999-01-01,10,8,32,Rain,Winter
920,1999-01-02,10,4,44,Rain-Thunderstorm,Winter
921,1999-01-03,10,4,48,Rain,Winter
922,1999-01-04,14,9,37,Rain,Winter
923,1999-01-05,15,11,31,Rain,Winter
924,1999-01-06,15,6,31,Rain,Winter
925,1999-01-07,9,3,26,Rain,Winter
926,1999-01-08,7,3,,Rain,Winter
927,1999-01-09,5,2,,Rain,Winter
928,1999-01-10,4,2,,,Winter
929,1999-01-11,3,-2,,Fog,Winter
930,1999-01-12,7,-4,33,Fog-Rain-Snow,Winter
931,1999-01-13,9,2,,Rain,Winter
932,1999-01-14,8,4,31,Rain,Winter
933,1999-01-15,11,7,41,Rain,Winter
934,1999-01-16,12,5,45,Rain,Winter
935,1999-01-17,9,4,,,Winter
936,1999-01-18,10,4,37,Rain,Winter
937,1999-01-19,12,9,34,Rain,Winter
938,1999-01-20,12,9,36,Rain,Winter
939,1999-01-21,9,1,,Fog,Winter
940,1999-01-22,2,-2,,Fog,Winter
941,1999-01-23,9,0,,Fog-Rain,Winter
942,1999-01-24,12,5,31,Fog-Rain,Winter
943,1999-01-25,13,4,41,Rain,Winter
944,1999-01-26,9,4,31,Rain,Winter
945,1999-01-27,9,2,25,Rain,Winter
946,1999-01-28,12,5,32,Rain,Winter
947,1999-01-29,7,2,,Rain,Winter
948,1999-01-30,5,4,,Rain,Winter
949,1999-01-31,6,3,,,Winter
950,1999-02-01,10,5,,,Winter
951,1999-02-02,10,5,,,Winter
952,1999-02-03,11,4,,,Winter
953,1999-02-04,13,8,38,,Winter
954,1999-02-05,10,7,30,Rain,Winter
955,1999-02-06,9,6,25,Rain,Winter
956,1999-02-07,6,-1,28,,Winter
957,1999-02-08,3,-1,,Rain-Snow,Winter
958,1999-02-09,3,-2,,,Winter
959,1999-02-10,5,-2,,,Winter
960,1999-02-11,6,-3,,Rain,Winter
961,1999-02-12,7,3,,Rain-Snow,Winter
962,1999-02-13,7,-1,,Rain-Snow,Winter
963,1999-02-14,7,-3,,Rain,Winter
964,1999-02-15,9,2,,Fog,Winter
965,1999-02-16,9,5,37,Rain,Winter
966,1999-02-17,10,4,30,Rain,Winter
967,1999-02-18,12,9,,Rain,Winter
968,1999-02-19,13,9,,Rain,Winter
969,1999-02-20,10,5,23,,Winter
970,1999-02-21,11,4,37,Rain,Winter
971,1999-02-22,8,3,44,Rain,Winter
972,1999-02-23,8,3,23,Rain,Winter
973,1999-02-24,6,1,,Rain,Winter
974,1999-02-25,9,-1,,,Winter
975,1999-02-26,10,7,,Rain,Winter
976,1999-02-27,10,5,,Rain,Winter
977,1999-02-28,12,4,43,Rain,Winter
978,1999-03-01,13,10,37,Rain,Winter
979,1999-03-02,15,8,41,Rain,Winter
980,1999-03-03,11,6,41,Rain,Winter
981,1999-03-04,8,2,,Rain,Winter
982,1999-03-05,6,2,,Rain,Winter
983,1999-03-06,6,2,,Rain,Winter
984,1999-03-07,5,3,,Rain,Winter
985,1999-03-08,8,4,,Rain,Winter
986,1999-03-09,9,2,,Rain,Winter
987,1999-03-10,7,0,,Fog,Winter
988,1999-03-11,9,0,,Rain,Winter
989,1999-03-12,14,6,,Rain,Winter
990,1999-03-13,14,7,,,Winter
991,1999-03-14,13,3,,Fog,Winter
992,1999-03-15,14,4,,Fog,Winter
993,1999-03-16,16,3,,Fog,Winter
994,1999-03-17,19,6,,Fog,Winter
995,1999-03-18,13,6,31,Fog,Winter
996,1999-03-19,11,5,,,Winter
997,1999-03-20,11,3,,,Spring
998,1999-03-21,12,7,39,Rain,Spring
999,1999-03-22,10,6,30,Rain,Spring
1000,1999-03-23,15,9,,Rain,Spring
1001,1999-03-24,12,7,,Rain,Spring
1002,1999-03-25,13,5,,Rain,Spring
1003,1999-03-26,11,5,,Rain,Spring
1004,1999-03-27,13,2,,,Spring
1005,1999-03-28,15,3,,,Spring
1006,1999-03-29,15,9,28,Rain,Spring
1007,1999-03-30,13,10,,Rain,Spring
1008,1999-03-31,19,10,23,,Spring
1009,1999-04-01,20,9,,,Spring
1010,1999-04-02,18,9,,Rain,Spring
1011,1999-04-03,13,6,,Fog-Rain,Spring
1012,1999-04-04,17,9,,Rain,Spring
1013,1999-04-05,15,11,,Rain,Spring
1014,1999-04-06,17,10,33,Rain,Spring
1015,1999-04-07,12,7,,,Spring
1016,1999-04-08,16,5,,,Spring
1017,1999-04-09,16,9,,,Spring
1018,1999-04-10,16,7,,Rain,Spring
1019,1999-04-11,14,4,,Rain,Spring
1020,1999-04-12,12,8,31,Rain-Thunderstorm,Spring
1021,1999-04-13,9,3,44,Rain,Spring
1022,1999-04-14,8,-1,,,Spring
1023,1999-04-15,11,0,,Rain,Spring
1024,1999-04-16,11,2,,Fog-Rain,Spring
1025,1999-04-17,13,2,,Fog-Rain,Spring
1026,1999-04-18,11,3,,Rain,Spring
1027,1999-04-19,12,1,,Rain,Spring
1028,1999-04-20,12,5,31,Rain,Spring
1029,1999-04-21,15,10,47,Rain,Spring
1030,1999-04-22,14,8,29,Rain,Spring
1031,1999-04-23,13,7,,Rain,Spring
1032,1999-04-24,16,9,,Rain,Spring
1033,1999-04-25,16,5,,Rain,Spring
1034,1999-04-26,18,10,,Rain,Spring
1035,1999-04-27,18,10,31,Rain,Spring
1036,1999-04-28,19,7,29,,Spring
1037,1999-04-29,17,7,,,Spring
1038,1999-04-30,21,6,,,Spring
1039,1999-05-01,20,8,,,Spring
1040,1999-05-02,20,11,,,Spring
1041,1999-05-03,22,9,,,Spring
1042,1999-05-04,18,11,,,Spring
1043,1999-05-05,18,10,,Rain,Spring
1044,1999-05-06,18,9,,Fog-Rain,Spring
1045,1999-05-07,16,9,,Rain,Spring
1046,1999-05-08,16,9,,Rain,Spring
1047,1999-05-09,21,13,26,Rain,Spring
1048,1999-05-10,18,12,32,Rain,Spring
1049,1999-05-11,18,11,29,Rain,Spring
1050,1999-05-12,17,11,,Rain,Spring
1051,1999-05-13,19,10,29,Rain,Spring
1052,1999-05-14,17,11,,Rain,Spring
1053,1999-05-15,15,9,,,Spring
1054,1999-05-16,17,7,,,Spring
1055,1999-05-17,16,8,37,,Spring
1056,1999-05-18,15,11,28,Rain,Spring
1057,1999-05-19,23,10,,Fog-Rain-Thunderstorm,Spring
1058,1999-05-20,22,11,,,Spring
1059,1999-05-21,18,10,30,Rain,Spring
1060,1999-05-22,17,8,25,,Spring
1061,1999-05-23,19,11,,,Spring
1062,1999-05-24,18,12,,,Spring
1063,1999-05-25,18,8,,,Spring
1064,1999-05-26,21,9,,,Spring
1065,1999-05-27,26,11,,Fog-Rain,Spring
1066,1999-05-28,22,14,32,Rain,Spring
1067,1999-05-29,24,13,,Rain-Thunderstorm,Spring
1068,1999-05-30,16,10,,Rain,Spring
1069,1999-05-31,17,10,,,Spring
1070,1999-06-01,23,11,,,Spring
1071,1999-06-02,20,13,40,Rain-Thunderstorm,Spring
1072,1999-06-03,17,12,,Rain,Spring
1073,1999-06-04,18,11,41,Rain,Spring
1074,1999-06-05,17,9,25,Rain,Spring
1075,1999-06-06,19,10,30,Rain,Spring
1076,1999-06-07,17,10,30,Rain,Spring
1077,1999-06-08,18,6,25,,Spring
1078,1999-06-09,19,7,,,Spring
1079,1999-06-10,17,9,,,Spring
1080,1999-06-11,17,13,,Rain,Spring
1081,1999-06-12,16,12,,Rain,Spring
1082,1999-06-13,21,10,,Fog,Spring
1083,1999-06-14,23,11,,Rain,Spring
1084,1999-06-15,25,12,,Fog,Spring
1085,1999-06-16,25,13,,Fog,Spring
1086,1999-06-17,21,13,,,Spring
1087,1999-06-18,23,11,,,Spring
1088,1999-06-19,20,12,22,,Spring
1089,1999-06-20,19,13,21,Rain,Spring
1090,1999-06-21,17,10,,,Summer
1091,1999-06-22,18,8,,,Summer
1092,1999-06-23,21,12,,,Summer
1093,1999-06-24,22,12,,Fog,Summer
1094,1999-06-25,22,12,,,Summer
1095,1999-06-26,27,12,28,Rain,Summer
1096,1999-06-27,19,14,,Rain,Summer
1097,1999-06-28,20,11,30,Rain,Summer
1098,1999-06-29,17,14,,Rain,Summer
1099,1999-06-30,20,11,,Rain,Summer
1100,1999-07-01,21,13,,Rain,Summer
1101,1999-07-02,26,14,,Fog-Rain,Summer
1102,1999-07-03,23,16,28,Rain-Thunderstorm,Summer
1103,1999-07-04,21,15,,Rain,Summer
1104,1999-07-05,23,14,,Rain-Thunderstorm,Summer
1105,1999-07-06,25,14,,Fog-Rain-Thunderstorm,Summer
1106,1999-07-07,24,16,,,Summer
1107,1999-07-08,27,16,,,Summer
1108,1999-07-09,25,16,23,,Summer
1109,1999-07-10,26,13,,,Summer
1110,1999-07-11,27,15,,,Summer
1111,1999-07-12,24,15,,,Summer
1112,1999-07-13,25,13,,Rain,Summer
1113,1999-07-14,19,13,,Rain,Summer
1114,1999-07-15,21,11,,,Summer
1115,1999-07-16,21,12,25,,Summer
1116,1999-07-17,26,16,,,Summer
1117,1999-07-18,28,14,21,,Summer
1118,1999-07-19,26,17,,Rain,Summer
1119,1999-07-20,24,15,32,Rain,Summer
1120,1999-07-21,20,14,33,,Summer
1121,1999-07-22,16,11,,Rain,Summer
1122,1999-07-23,25,10,,,Summer
1123,1999-07-24,29,15,,,Summer
1124,1999-07-25,28,17,,,Summer
1125,1999-07-26,22,14,,Rain,Summer
1126,1999-07-27,21,13,,,Summer
1127,1999-07-28,25,14,,,Summer
1128,1999-07-29,28,14,,,Summer
1129,1999-07-30,29,15,,,Summer
1130,1999-07-31,31,17,,,Summer
1131,1999-08-01,33,17,28,,Summer
1132,1999-08-02,31,19,28,Rain,Summer
1133,1999-08-03,23,18,,Rain,Summer
1134,1999-08-04,27,16,,Rain,Summer
1135,1999-08-05,26,17,,Rain,Summer
1136,1999-08-06,27,15,,Fog-Rain,Summer
1137,1999-08-07,24,17,,Rain,Summer
1138,1999-08-08,23,17,,Rain-Thunderstorm,Summer
1139,1999-08-09,21,16,24,Rain-Thunderstorm,Summer
1140,1999-08-10,17,14,,Rain,Summer
1141,1999-08-11,20,12,,,Summer
1142,1999-08-12,21,14,,Rain,Summer
1143,1999-08-13,22,14,,Rain,Summer
1144,1999-08-14,21,14,,Rain-Thunderstorm,Summer
1145,1999-08-15,21,12,,Rain,Summer
1146,1999-08-16,19,11,,Rain-Thunderstorm,Summer
1147,1999-08-17,17,10,28,Rain,Summer
1148,1999-08-18,20,13,30,Rain-Thunderstorm,Summer
1149,1999-08-19,20,13,,Rain,Summer
1150,1999-08-20,21,10,,,Summer
1151,1999-08-21,19,10,,,Summer
1152,1999-08-22,18,10,24,,Summer
1153,1999-08-23,21,14,22,Rain,Summer
1154,1999-08-24,18,14,,Rain,Summer
1155,1999-08-25,25,15,,Fog-Rain,Summer
1156,1999-08-26,23,16,,Rain,Summer
1157,1999-08-27,22,13,,,Summer
1158,1999-08-28,25,12,,,Summer
1159,1999-08-29,24,14,,Fog,Summer
1160,1999-08-30,23,15,,,Summer
1161,1999-08-31,23,14,,,Summer
1162,1999-09-01,24,13,,,Summer
1163,1999-09-02,26,15,,Fog,Summer
1164,1999-09-03,26,16,,Fog,Summer
1165,1999-09-04,27,14,,,Summer
1166,1999-09-05,27,15,,Fog-Rain-Thunderstorm,Summer
1167,1999-09-06,26,14,,Fog,Summer
1168,1999-09-07,24,14,,,Summer
1169,1999-09-08,23,12,23,,Summer
1170,1999-09-09,21,13,21,Rain,Summer
1171,1999-09-10,25,12,,Fog,Summer
1172,1999-09-11,28,18,23,,Summer
1173,1999-09-12,21,13,,,Summer
1174,1999-09-13,19,10,,Rain,Summer
1175,1999-09-14,14,12,,Rain,Summer
1176,1999-09-15,14,11,,Rain,Summer
1177,1999-09-16,18,10,31,Rain,Summer
1178,1999-09-17,20,10,,,Summer
1179,1999-09-18,19,12,33,Rain,Summer
1180,1999-09-19,19,15,,Rain,Summer
1181,1999-09-20,17,14,,Rain,Summer
1182,1999-09-21,20,12,,Fog-Rain,Summer
1183,1999-09-22,21,14,,Rain-Thunderstorm,Summer
1184,1999-09-23,20,14,,Rain-Thunderstorm,Autumn
1185,1999-09-24,20,15,,Rain,Autumn
1186,1999-09-25,20,13,,Rain,Autumn
1187,1999-09-26,18,12,,Rain,Autumn
1188,1999-09-27,19,13,30,Rain,Autumn
1189,1999-09-28,18,11,,Rain,Autumn
1190,1999-09-29,19,14,29,Rain-Thunderstorm,Autumn
1191,1999-09-30,18,13,,,Autumn
1192,1999-10-01,16,10,34,Rain,Autumn
1193,1999-10-02,16,8,38,Rain,Autumn
1194,1999-10-03,16,8,,Rain,Autumn
1195,1999-10-04,14,7,,,Autumn
1196,1999-10-05,14,4,,,Autumn
1197,1999-10-06,14,3,,Fog,Autumn
1198,1999-10-07,15,7,,Rain,Autumn
1199,1999-10-08,17,12,,Rain,Autumn
1200,1999-10-09,17,12,,,Autumn
1201,1999-10-10,19,14,,,Autumn
1202,1999-10-11,15,8,,,Autumn
1203,1999-10-12,15,4,,Fog,Autumn
1204,1999-10-13,16,5,,,Autumn
1205,1999-10-14,16,4,,Fog,Autumn
1206,1999-10-15,16,10,,,Autumn
1207,1999-10-16,16,8,,Fog,Autumn
1208,1999-10-17,15,8,25,,Autumn
1209,1999-10-18,13,7,31,,Autumn
1210,1999-10-19,12,6,32,,Autumn
1211,1999-10-20,11,7,30,Rain,Autumn
1212,1999-10-21,13,9,,Rain,Autumn
1213,1999-10-22,16,11,,Rain,Autumn
1214,1999-10-23,16,10,23,Rain,Autumn
1215,1999-10-24,13,10,38,Rain,Autumn
1216,1999-10-25,16,9,,,Autumn
1217,1999-10-26,16,6,,Fog,Autumn
1218,1999-10-27,16,6,,Fog,Autumn
1219,1999-10-28,17,10,23,Fog,Autumn
1220,1999-10-29,15,8,,Fog-Rain,Autumn
1221,1999-10-30,17,11,34,Rain,Autumn
1222,1999-10-31,14,10,,Rain,Autumn
1223,1999-11-01,17,12,43,Rain,Autumn
1224,1999-11-02,14,7,,,Autumn
1225,1999-11-03,15,6,,,Autumn
1226,1999-11-04,14,9,,Fog,Autumn
1227,1999-11-05,13,8,37,Rain,Autumn
1228,1999-11-06,11,6,32,Rain,Autumn
1229,1999-11-07,11,2,,,Autumn
1230,1999-11-08,13,9,,,Autumn
1231,1999-11-09,13,9,,,Autumn
1232,1999-11-10,11,8,28,Rain,Autumn
1233,1999-11-11,11,7,,Rain,Autumn
1234,1999-11-12,9,6,,,Autumn
1235,1999-11-13,11,4,,,Autumn
1236,1999-11-14,11,8,25,,Autumn
1237,1999-11-15,10,6,,Rain,Autumn
1238,1999-11-16,9,2,,Fog-Rain-Thunderstorm,Autumn
1239,1999-11-17,7,2,26,,Autumn
1240,1999-11-18,6,3,,Rain,Autumn
1241,1999-11-19,7,3,30,Rain,Autumn
1242,1999-11-20,7,4,,Rain,Autumn
1243,1999-11-21,8,3,,,Autumn
1244,1999-11-22,8,3,,Rain,Autumn
1245,1999-11-23,10,3,18,Fog,Autumn
1246,1999-11-24,13,10,,,Autumn
1247,1999-11-25,13,11,,Rain,Autumn
1248,1999-11-26,12,9,32,Rain,Autumn
1249,1999-11-27,11,6,,Rain,Autumn
1250,1999-11-28,13,11,33,Rain,Autumn
1251,1999-11-29,12,4,,Fog-Rain,Autumn
1252,1999-11-30,12,2,33,Fog-Rain,Autumn
1253,1999-12-01,12,6,24,Rain,Autumn
1254,1999-12-02,10,4,,,Autumn
1255,1999-12-03,13,4,53,Rain,Autumn
1256,1999-12-04,7,2,29,Rain,Autumn
1257,1999-12-05,8,0,,,Autumn
1258,1999-12-06,12,8,31,Rain,Autumn
1259,1999-12-07,11,6,30,Rain,Autumn
1260,1999-12-08,11,5,33,Rain,Autumn
1261,1999-12-09,9,6,33,Rain,Autumn
1262,1999-12-10,8,3,,Rain,Autumn
1263,1999-12-11,13,8,37,Rain,Autumn
1264,1999-12-12,10,4,29,Rain,Autumn
1265,1999-12-13,8,2,32,Rain,Autumn
1266,1999-12-14,4,0,,Snow,Autumn
1267,1999-12-15,4,1,28,Rain-Snow,Autumn
1268,1999-12-16,8,1,,Rain-Snow,Autumn
1269,1999-12-17,11,4,38,Rain,Autumn
1270,1999-12-18,5,1,,Rain-Snow,Autumn
1271,1999-12-19,2,-3,,,Autumn
1272,1999-12-20,1,-5,,,Autumn
1273,1999-12-21,6,1,,Rain-Snow,Winter
1274,1999-12-22,12,4,39,Rain,Winter
1275,1999-12-23,11,5,48,Rain,Winter
1276,1999-12-24,13,9,48,Rain,Winter
1277,1999-12-25,11,3,59,Rain,Winter
1278,1999-12-26,8,3,28,Rain,Winter
1279,1999-12-27,5,1,,,Winter
1280,1999-12-28,4,0,,,Winter
1281,1999-12-29,6,-2,,Rain,Winter
1282,1999-12-30,8,0,,Rain,Winter
1283,1999-12-31,7,5,,,Winter
1285,2000-01-01,9,5,,Fog-Rain,Winter
1286,2000-01-02,11,6,,Fog,Winter
1287,2000-01-03,11,5,30,Rain,Winter
1288,2000-01-04,9,3,28,Rain,Winter
1289,2000-01-05,11,2,33,Rain,Winter
1290,2000-01-06,11,4,30,Rain,Winter
1291,2000-01-07,11,4,33,Rain,Winter
1292,2000-01-08,10,3,26,Rain,Winter
1293,2000-01-09,7,-1,,Fog,Winter
1294,2000-01-10,7,-3,,Fog,Winter
1295,2000-01-11,10,6,26,Rain,Winter
1296,2000-01-12,8,5,31,Rain,Winter
1297,2000-01-13,6,0,,Rain,Winter
1298,2000-01-14,6,0,,Rain,Winter
1299,2000-01-15,6,2,,,Winter
1300,2000-01-16,7,0,,,Winter
1301,2000-01-17,9,1,,,Winter
1302,2000-01-18,8,2,26,,Winter
1303,2000-01-19,7,1,,Rain,Winter
1304,2000-01-20,5,-2,,Fog,Winter
1305,2000-01-21,9,3,,,Winter
1306,2000-01-22,7,2,28,Rain,Winter
1307,2000-01-23,7,1,,Rain,Winter
1308,2000-01-24,6,1,,,Winter
1309,2000-01-25,3,-2,,,Winter
1310,2000-01-26,6,-1,,,Winter
1311,2000-01-27,5,-3,,Fog,Winter
1312,2000-01-28,8,-1,36,Rain,Winter
1313,2000-01-29,13,9,45,Rain,Winter
1314,2000-01-30,13,11,39,Rain,Winter
1315,2000-01-31,13,9,37,Rain,Winter
1316,2000-02-01,11,9,,Rain,Winter
1317,2000-02-02,10,5,,Rain,Winter
1318,2000-02-03,9,3,,Rain,Winter
1319,2000-02-04,11,7,,Rain,Winter
1320,2000-02-05,12,7,,,Winter
1321,2000-02-06,12,7,,Rain,Winter
1322,2000-02-07,11,5,34,Rain,Winter
1323,2000-02-08,14,4,45,Rain,Winter
1324,2000-02-09,10,3,29,Rain,Winter
1325,2000-02-10,10,2,43,Rain,Winter
1326,2000-02-11,10,0,,Rain,Winter
1327,2000-02-12,9,6,34,Rain,Winter
1328,2000-02-13,10,1,,Rain,Winter
1329,2000-02-14,10,-1,,Fog-Rain,Winter
1330,2000-02-15,8,2,25,Rain,Winter
1331,2000-02-16,8,2,34,,Winter
1332,2000-02-17,9,2,,Rain,Winter
1333,2000-02-18,11,7,30,Rain,Winter
1334,2000-02-19,9,3,,Rain,Winter
1335,2000-02-20,9,0,,Fog,Winter
1336,2000-02-21,10,2,,Rain,Winter
1337,2000-02-22,9,0,,,Winter
1338,2000-05-04,12,8,,,Spring
1339,2000-05-05,21,7,,,Spring
1340,2000-05-06,24,9,,,Spring
1341,2000-05-07,23,13,,Thunderstorm,Spring
1342,2000-05-08,19,11,,Rain,Spring
1343,2000-05-09,23,12,,Fog,Spring
1344,2000-05-10,18,13,,Rain,Spring
1345,2000-05-11,18,11,29,Rain,Spring
1346,2000-05-12,19,9,,Rain,Spring
1347,2000-05-13,24,13,,Rain,Spring
1348,2000-05-14,25,13,,Fog,Spring
1349,2000-05-15,27,16,,Rain,Spring
1350,2000-05-16,22,12,,,Spring
1351,2000-05-17,16,11,32,Rain,Spring
1352,2000-05-18,15,7,25,Rain-Thunderstorm,Spring
1353,2000-05-19,14,10,29,Rain,Spring
1354,2000-05-20,16,5,,Rain,Spring
1355,2000-05-21,16,8,,Rain,Spring
1356,2000-05-22,18,8,,,Spring
1357,2000-05-23,14,12,28,Rain,Spring
1358,2000-05-24,16,9,21,Rain,Spring
1359,2000-05-25,16,9,34,Rain,Spring
1360,2000-05-26,13,9,,Rain,Spring
1361,2000-05-27,15,7,45,Rain-Thunderstorm,Spring
1362,2000-05-28,15,6,34,Rain-Thunderstorm,Spring
1363,2000-05-29,17,6,,Rain,Spring
1364,2000-05-30,15,9,,Rain,Spring
1365,2000-05-31,19,6,,Fog-Rain,Spring
1366,2000-06-01,13,12,,Rain,Spring
1367,2000-06-10,18,9,,,Spring
1368,2000-06-11,19,11,24,,Spring
1369,2000-06-12,25,12,,,Spring
1370,2000-06-13,22,15,,,Spring
1371,2000-06-14,22,15,30,,Spring
1372,2000-06-15,20,15,,,Spring
1373,2000-06-16,,14,,,Spring
1374,2000-06-17,25,13,,,Spring
1375,2000-06-18,31,16,28,Fog,Spring
1376,2000-06-19,31,20,,,Spring
1377,2000-06-20,22,15,,Rain,Summer
1378,2000-06-21,19,14,33,Rain,Summer
1379,2000-06-22,18,13,37,Rain,Summer
1380,2000-06-23,19,12,22,Rain,Summer
1381,2000-06-24,13,9,,Rain,Summer
1382,2000-06-25,18,10,,Rain,Summer
1383,2000-06-26,,13,,Rain,Summer
1384,2000-06-27,22,11,,,Summer
1385,2000-06-28,21,13,,,Summer
1386,2000-06-29,20,14,,Rain-Thunderstorm,Summer
1387,2000-06-30,20,14,,Rain,Summer